{
    "totals_loss": [
        0.586914516547147,
        0.4302901161067626,
        0.3194616695537287,
        0.21471371852299748,
        0.14528570850105846,
        0.11807775497436523,
        0.10479262449285563,
        0.07700914391042556,
        0.061470823472037035,
        0.05490906112005606
    ],
    "valids_loss": [
        0.8585202230347527,
        0.8687140742937723,
        1.0031110776795282,
        1.2434698475731745,
        1.3281533155176375,
        1.4208365281422932,
        1.6384614176220365,
        1.9620910750495062,
        1.8266033596462674,
        2.0668824778662787
    ],
    "balanced_accuracies": [],
    "metrics": [],
    "accuracy": [
        0.5769230769230769,
        0.41346153846153844,
        0.4596153846153846,
        0.5769230769230769,
        0.5826923076923077,
        0.5346153846153846,
        0.6134615384615385,
        0.6,
        0.5615384615384615,
        0.5923076923076923
    ],
    "balanced_accuracy": [
        0.4601226993865031,
        0.4163715135032572,
        0.3832616532793625,
        0.4663841629245462,
        0.47307254443109226,
        0.4430776041996079,
        0.5090917715514516,
        0.4879198026690279,
        0.457244956043261,
        0.47969767883119346
    ],
    "f1": [
        0.7317073170731707,
        0.46397188049209137,
        0.6134800550206327,
        0.7277227722772277,
        0.7311028500619579,
        0.6840731070496083,
        0.7490636704119851,
        0.7444717444717445,
        0.7128463476070529,
        0.7395577395577395
    ],
    "precision": [
        0.6072874493927125,
        0.5432098765432098,
        0.5561097256857855,
        0.6099585062240664,
        0.6133056133056133,
        0.5954545454545455,
        0.631578947368421,
        0.6209016393442623,
        0.6047008547008547,
        0.6168032786885246
    ],
    "recall": [
        0.9202453987730062,
        0.4049079754601227,
        0.6840490797546013,
        0.901840490797546,
        0.9049079754601227,
        0.803680981595092,
        0.9202453987730062,
        0.9294478527607362,
        0.8680981595092024,
        0.9233128834355828
    ]
}