{
    "totals_loss": [
        0.5301687833014618,
        0.33493182574943164,
        0.2065617284141584,
        0.15023920432744428,
        0.09925509497027979,
        0.0708125456071193,
        0.05410868975584114,
        0.043565731037052094,
        0.029768454357581808,
        0.026494000509343887
    ],
    "valids_loss": [
        0.6604858056495064,
        0.7283593673455088,
        0.8106903982789893,
        0.9056544765045769,
        0.991675311954398,
        1.0992209647831164,
        1.1528825832040686,
        1.2767751872539521,
        1.249240506636469,
        1.3698554363689925
    ],
    "balanced_accuracies": [],
    "metrics": [],
    "accuracy": [
        0.6527501656726309,
        0.6719681908548708,
        0.6434724983432737,
        0.6355202120609675,
        0.6454605699138503,
        0.655400927766733,
        0.6534128561961564,
        0.6381709741550696,
        0.6573889993373094,
        0.659377070907886
    ],
    "balanced_accuracy": [
        0.6629024912410304,
        0.6662312583151938,
        0.6258691730887157,
        0.6148608426541202,
        0.6306933302732225,
        0.6476823246323384,
        0.641701660707818,
        0.6177592816389762,
        0.6378573964433384,
        0.6455728204778793
    ],
    "f1": [
        0.6606217616580311,
        0.7110332749562172,
        0.7060109289617487,
        0.7043010752688172,
        0.7029428095502499,
        0.6994219653179191,
        0.704686617730096,
        0.7061356297093649,
        0.7209929843497032,
        0.7134894091415831
    ],
    "precision": [
        0.7478005865102639,
        0.7156286721504113,
        0.6673553719008265,
        0.656312625250501,
        0.6741214057507987,
        0.6970046082949308,
        0.6864686468646864,
        0.6586345381526104,
        0.6740665993945509,
        0.6866952789699571
    ],
    "recall": [
        0.5916473317865429,
        0.7064965197215777,
        0.7494199535962877,
        0.759860788863109,
        0.734338747099768,
        0.7018561484918794,
        0.7238979118329466,
        0.7610208816705336,
        0.7749419953596288,
        0.7424593967517401
    ]
}