{
    "totals_loss": [
        0.2249330447665403,
        0.06586419324207965,
        0.04500751190658344,
        0.03498272190795053,
        0.022650900185962473,
        0.024636203446401963,
        0.013188080396885639,
        0.033738719011741115,
        0.02025546099604608,
        0.019396129658017316
    ],
    "valids_loss": [
        1.0020700531847337,
        1.544529709745856,
        2.0970053953282974,
        1.9382535703041974,
        2.2295560184647054,
        2.0778603725573594,
        2.14277606010437,
        1.5780618520344005,
        5.548242831230164,
        2.0218869587954353
    ],
    "balanced_accuracies": [],
    "metrics": [],
    "accuracy": [
        0.6241709653647752,
        0.6985998526160648,
        0.6101694915254238,
        0.5563743551952837,
        0.582903463522476,
        0.636698599852616,
        0.5799557848194546,
        0.6875460574797347,
        0.5467943994104643,
        0.6123802505526897
    ],
    "balanced_accuracy": [
        0.6191912145039794,
        0.6926988929023172,
        0.6114313160422671,
        0.5537846484193323,
        0.5771273705669366,
        0.6318096070172693,
        0.5761656691051504,
        0.6824309639617319,
        0.5554342109266672,
        0.6061479346781941
    ],
    "f1": [
        0.6949760765550239,
        0.763447079236553,
        0.5933897002305919,
        0.606020942408377,
        0.670547147846333,
        0.704259148170366,
        0.64375,
        0.7479191438763377,
        0.2857142857142857,
        0.6987399770904925
    ],
    "precision": [
        0.5940695296523517,
        0.6376811594202898,
        0.6359143327841845,
        0.5551558752997602,
        0.5625,
        0.6032887975334018,
        0.5684326710816777,
        0.6366396761133604,
        0.7365269461077845,
        0.5798479087452472
    ],
    "recall": [
        0.8371757925072046,
        0.9510086455331412,
        0.5561959654178674,
        0.6671469740634006,
        0.829971181556196,
        0.845821325648415,
        0.7420749279538905,
        0.9063400576368876,
        0.17723342939481268,
        0.8789625360230547
    ]
}