{
    "totals_loss": [
        0.38742889710131534,
        0.14690195460222724,
        0.07000508009617952,
        0.039013323393329295,
        0.023861433047352842,
        0.014244279348420144,
        0.014940434058135152,
        0.010054875826776529,
        0.012638823041448435,
        0.012354359459549028
    ],
    "valids_loss": [
        0.7896000464757283,
        0.8880490056106023,
        1.2729495003109887,
        1.8094052678062802,
        2.163581072716486,
        1.9051691773391906,
        2.161305987267267,
        2.219737240246364,
        2.364424963224502,
        2.5605803120703925
    ],
    "balanced_accuracies": [],
    "metrics": [],
    "accuracy": [
        0.5580702799285289,
        0.5812983918999405,
        0.5533055390113163,
        0.5193567599761763,
        0.5139964264443121,
        0.5425848719475879,
        0.5270994639666469,
        0.5270994639666469,
        0.5270994639666469,
        0.5241215008933889
    ],
    "balanced_accuracy": [
        0.5955660610462953,
        0.6108827093051987,
        0.5935394705113588,
        0.5796741081661998,
        0.5725650399364114,
        0.5890471824214296,
        0.5744234301551908,
        0.5765847297928903,
        0.5806371666135769,
        0.5784587492445871
    ],
    "f1": [
        0.5769669327251995,
        0.5832839359810315,
        0.5777027027027027,
        0.5833763551884358,
        0.5763239875389408,
        0.579408543263965,
        0.5680087051142546,
        0.5717367853290184,
        0.578556263269639,
        0.5774722369116869
    ],
    "precision": [
        0.46167883211678834,
        0.478134110787172,
        0.4588550983899821,
        0.44175136825645034,
        0.43769716088328076,
        0.4529109589041096,
        0.4423728813559322,
        0.4431438127090301,
        0.4445350734094617,
        0.44282238442822386
    ],
    "recall": [
        0.7689969604863222,
        0.7477203647416414,
        0.7796352583586627,
        0.8586626139817629,
        0.8434650455927052,
        0.8039513677811551,
        0.7933130699088146,
        0.8054711246200608,
        0.8282674772036475,
        0.8297872340425532
    ]
}