{
    "totals_loss": [
        0.3867711623041135,
        0.13261162439948626,
        0.06364754553020724,
        0.034638968502821506,
        0.020133872422944465,
        0.015952990938155633,
        0.010441727566429554,
        0.013910954318579156,
        0.009625062185485228,
        0.006925410084671001
    ],
    "valids_loss": [
        0.7274526830981759,
        1.0928549878737506,
        2.015381160203148,
        1.506657171775313,
        1.5465564412229202,
        1.3414964451509364,
        1.8053687519886914,
        1.4035000676617904,
        1.4798751338439828,
        1.567202744063209
    ],
    "balanced_accuracies": [],
    "metrics": [],
    "accuracy": [
        0.6676492262343404,
        0.6168017686072218,
        0.6109064112011791,
        0.6204863669859986,
        0.6079587324981577,
        0.6226971260132645,
        0.6381724392041267,
        0.6787030213706706,
        0.6595431098010317,
        0.6507000736919676
    ],
    "balanced_accuracy": [
        0.663652248751418,
        0.6113802426313022,
        0.6028205562872455,
        0.6144435606208788,
        0.6032736969760194,
        0.6200073024110997,
        0.633250529207471,
        0.6761098143535844,
        0.6564682844984591,
        0.6470479568462277
    ],
    "f1": [
        0.7207430340557276,
        0.6937573616018846,
        0.7155172413793104,
        0.7031700288184438,
        0.6783555018137848,
        0.6666666666666666,
        0.7058118633912522,
        0.7154046997389034,
        0.7038461538461539,
        0.7026348808030113
    ],
    "precision": [
        0.6319218241042345,
        0.5866533864541833,
        0.5714285714285714,
        0.5859750240153698,
        0.584375,
        0.6080760095011877,
        0.6041025641025641,
        0.6539379474940334,
        0.6339491916859122,
        0.6222222222222222
    ],
    "recall": [
        0.8386167146974063,
        0.8487031700288185,
        0.9567723342939481,
        0.8789625360230547,
        0.80835734870317,
        0.7377521613832853,
        0.8487031700288185,
        0.7896253602305475,
        0.7910662824207493,
        0.8069164265129684
    ]
}