{
    "totals_loss": [
        0.5412312677366071,
        0.33512282399636395,
        0.20659226068167513,
        0.13049243600672547,
        0.09773806640702598,
        0.059904541450017945,
        0.048198089850790334,
        0.03592306751421479,
        0.030676674697425146,
        0.03195072184448605
    ],
    "valids_loss": [
        0.6954033508020289,
        0.9403907838989707,
        1.2342172275571262,
        1.3476677719284507,
        1.575383536605274,
        1.596047550089219,
        1.7297634818974663,
        1.9189337856629316,
        2.0405246419065137,
        2.46581809240229
    ],
    "balanced_accuracies": [],
    "metrics": [],
    "accuracy": [
        0.6337509211495947,
        0.5910095799557848,
        0.5887988209285188,
        0.5910095799557848,
        0.5887988209285188,
        0.5843773028739867,
        0.6086956521739131,
        0.5880619012527635,
        0.5976418570375829,
        0.5983787767133383
    ],
    "balanced_accuracy": [
        0.6308479055554831,
        0.5860630441491604,
        0.5838006007102464,
        0.5863662246099948,
        0.583632167120894,
        0.5799831349076984,
        0.6046342057106593,
        0.5834170067938503,
        0.5926145674408092,
        0.59192018638535
    ],
    "f1": [
        0.6791478373143964,
        0.6674655482324745,
        0.666267942583732,
        0.663840096910963,
        0.6682520808561236,
        0.6552567237163814,
        0.6716141001855288,
        0.6614173228346457,
        0.6738351254480287,
        0.6901648664013644
    ],
    "precision": [
        0.6152046783625731,
        0.5712820512820512,
        0.5695296523517382,
        0.5726227795193313,
        0.5688259109311741,
        0.5690021231422505,
        0.5882990249187432,
        0.5705329153605015,
        0.5755102040816327,
        0.5699530516431925
    ],
    "recall": [
        0.7579250720461095,
        0.8025936599423631,
        0.8025936599423631,
        0.7896253602305475,
        0.8097982708933718,
        0.7723342939481268,
        0.7824207492795389,
        0.7867435158501441,
        0.8126801152737753,
        0.8746397694524496
    ]
}