{
    "totals_loss": [
        0.6410734243690968,
        0.52810178976506,
        0.44561400823295116,
        0.39204271510243416,
        0.35084972344338894,
        0.315331244841218,
        0.27123012905940413,
        0.25002178037539124,
        0.2212049923837185,
        0.20497995056211948
    ],
    "valids_loss": [
        0.696881540119648,
        0.6844118162989616,
        0.6926275342702866,
        0.7157347351312637,
        0.7313845381140709,
        0.7850599884986877,
        0.8341472521424294,
        0.8805133327841759,
        0.9222576692700386,
        0.9884411469101906
    ],
    "balanced_accuracies": [],
    "metrics": [],
    "accuracy": [
        0.60546875,
        0.662109375,
        0.64453125,
        0.654296875,
        0.666015625,
        0.654296875,
        0.654296875,
        0.6640625,
        0.66796875,
        0.669921875
    ],
    "balanced_accuracy": [
        0.4963071395302415,
        0.5929092643112205,
        0.5911460066094439,
        0.5974116707698449,
        0.6081021136913078,
        0.5910683789118815,
        0.5815534411249362,
        0.590990751214319,
        0.5966686628074611,
        0.588406857852596
    ],
    "f1": [
        0.7320954907161804,
        0.7677852348993288,
        0.7506849315068493,
        0.7591836734693878,
        0.7686062246278755,
        0.7604871447902571,
        0.7624161073825504,
        0.7700534759358288,
        0.7727272727272727,
        0.776158940397351
    ],
    "precision": [
        0.7774647887323943,
        0.8265895953757225,
        0.8277945619335347,
        0.8303571428571429,
        0.8352941176470589,
        0.8264705882352941,
        0.8208092485549133,
        0.8252148997134671,
        0.828080229226361,
        0.8230337078651685
    ],
    "recall": [
        0.6917293233082706,
        0.7167919799498746,
        0.6867167919799498,
        0.6992481203007519,
        0.7117794486215538,
        0.7042606516290727,
        0.7117794486215538,
        0.7218045112781954,
        0.7243107769423559,
        0.7343358395989975
    ]
}