{
    "totals_loss": [
        0.617270860601874,
        0.48972677045008717,
        0.34438048916704517,
        0.24431748512913198,
        0.1825229657046935,
        0.13212240136721554,
        0.10261579077033435,
        0.08686888535671375,
        0.06996859489556621
    ],
    "valids_loss": [
        0.7516957852575514,
        0.8232038882043626,
        1.0193017919858296,
        1.0899532172414992,
        1.1223044726583693,
        1.2608573304282293,
        1.4228633509741888,
        1.4321192238065932,
        1.5191359321276348
    ],
    "balanced_accuracies": [],
    "metrics": [],
    "accuracy": [
        0.4990476190476191,
        0.5828571428571429,
        0.5638095238095238,
        0.6152380952380953,
        0.5295238095238095,
        0.5371428571428571,
        0.5523809523809524,
        0.56,
        0.5504761904761905
    ],
    "balanced_accuracy": [
        0.4303418803418803,
        0.4165242165242165,
        0.39886039886039887,
        0.448005698005698,
        0.43632478632478633,
        0.40997150997150994,
        0.40569800569800574,
        0.42777777777777776,
        0.4092592592592592
    ],
    "f1": [
        0.6290550070521862,
        0.7299630086313194,
        0.715527950310559,
        0.7536585365853659,
        0.6648575305291723,
        0.6831812255541069,
        0.7013977128335451,
        0.7027027027027027,
        0.6982097186700768
    ],
    "precision": [
        0.6990595611285266,
        0.7030878859857482,
        0.6939759036144578,
        0.7186046511627907,
        0.7060518731988472,
        0.6949602122015915,
        0.6952141057934509,
        0.7054263565891473,
        0.6964285714285714
    ],
    "recall": [
        0.5717948717948718,
        0.7589743589743589,
        0.7384615384615385,
        0.7923076923076923,
        0.6282051282051282,
        0.6717948717948717,
        0.7076923076923077,
        0.7,
        0.7
    ]
}