{
    "totals_loss": [
        0.6354828141629696,
        0.5137184644117951,
        0.4461090676486492,
        0.3794650947675109,
        0.3206536462530494,
        0.28873968636617064,
        0.2607166990637779,
        0.2124569001607597,
        0.1918942928314209,
        0.16639977064915001
    ],
    "valids_loss": [
        0.7173806130886078,
        0.7814834415912628,
        0.8216321989893913,
        0.8891187310218811,
        0.9274418205022812,
        0.9950410798192024,
        1.0341834351420403,
        1.0987083464860916,
        1.1037034317851067,
        1.1643920168280602
    ],
    "balanced_accuracies": [],
    "metrics": [],
    "accuracy": [
        0.552734375,
        0.5234375,
        0.515625,
        0.5078125,
        0.5390625,
        0.5234375,
        0.53125,
        0.525390625,
        0.541015625,
        0.53125
    ],
    "balanced_accuracy": [
        0.48728878648233487,
        0.5606758832565284,
        0.5552995391705069,
        0.5543778801843318,
        0.5625192012288787,
        0.5539938556067588,
        0.5638248847926267,
        0.5575652841781874,
        0.5549539170506912,
        0.5415514592933948
    ],
    "f1": [
        0.6723891273247496,
        0.5933333333333334,
        0.5838926174496645,
        0.5714285714285714,
        0.6168831168831169,
        0.5973597359735974,
        0.6039603960396039,
        0.5983471074380166,
        0.624,
        0.6166134185303515
    ],
    "precision": [
        0.7186544342507645,
        0.7807017543859649,
        0.7767857142857143,
        0.7777777777777778,
        0.7786885245901639,
        0.7735042735042735,
        0.782051282051282,
        0.776824034334764,
        0.7707509881422925,
        0.7598425196850394
    ],
    "recall": [
        0.6317204301075269,
        0.478494623655914,
        0.46774193548387094,
        0.45161290322580644,
        0.510752688172043,
        0.48655913978494625,
        0.49193548387096775,
        0.48655913978494625,
        0.5241935483870968,
        0.5188172043010753
    ]
}