{
    "totals_loss": [
        0.6419663718518089,
        0.5048601925373077,
        0.36914856468929963,
        0.26561839922386055,
        0.1851207432063187,
        0.13818260019316392,
        0.138607315828695,
        0.10762152119594462,
        0.07411621417850256,
        0.056427737725350785
    ],
    "valids_loss": [
        0.6378623710738288,
        0.6069033477041457,
        0.662456194559733,
        0.6992805070347257,
        0.6823782258563571,
        0.9770227935579088,
        1.1970964339044359,
        0.7462465431955125,
        1.2635369565751817,
        1.3404481212298076
    ],
    "balanced_accuracies": [],
    "metrics": [],
    "accuracy": [
        0.7096774193548387,
        0.7248576850094877,
        0.7115749525616698,
        0.681214421252372,
        0.7039848197343453,
        0.6736242884250474,
        0.7096774193548387,
        0.6451612903225806,
        0.571157495256167,
        0.5787476280834914
    ],
    "balanced_accuracy": [
        0.491368006993007,
        0.5303121357808858,
        0.5431417540792541,
        0.6056963869463869,
        0.6652097902097902,
        0.5522108100233101,
        0.5220898892773893,
        0.6511782488344988,
        0.4643429487179487,
        0.49807874417249415
    ],
    "f1": [
        0.8294314381270903,
        0.8350398179749715,
        0.8215962441314554,
        0.7789473684210526,
        0.7868852459016393,
        0.785,
        0.8239355581127733,
        0.723781388478582,
        0.7034120734908137,
        0.7
    ],
    "precision": [
        0.7251461988304093,
        0.7414141414141414,
        0.7478632478632479,
        0.7872340425531915,
        0.8275862068965517,
        0.7548076923076923,
        0.7381443298969073,
        0.8361774744027304,
        0.708994708994709,
        0.7275280898876404
    ],
    "recall": [
        0.96875,
        0.9557291666666666,
        0.9114583333333334,
        0.7708333333333334,
        0.75,
        0.8177083333333334,
        0.9322916666666666,
        0.6380208333333334,
        0.6979166666666666,
        0.6744791666666666
    ]
}