{
    "totals_loss": [
        0.6662279313260858,
        0.49655403964447253,
        0.36330842384786316,
        0.27138745242899115,
        0.19587750642588644,
        0.12746578590436417,
        0.114223426490119,
        0.07921352598703268
    ],
    "valids_loss": [
        0.7151891324255202,
        0.671361525853475,
        0.7515678074624803,
        0.7698449227544997,
        1.0053889155387878,
        0.9678016304969788,
        1.0617815653483074,
        0.977419568432702
    ],
    "balanced_accuracies": [],
    "metrics": [],
    "accuracy": [
        0.7195571955719557,
        0.6586715867158671,
        0.5811808118081181,
        0.6494464944649446,
        0.6900369003690037,
        0.6512915129151291,
        0.6586715867158671,
        0.6512915129151291
    ],
    "balanced_accuracy": [
        0.5170246478873239,
        0.5325528169014084,
        0.5368309859154929,
        0.517218309859155,
        0.4879401408450704,
        0.4798591549295774,
        0.47804577464788733,
        0.49575704225352113
    ],
    "f1": [
        0.8322295805739515,
        0.7752126366950183,
        0.6894664842681258,
        0.7699757869249395,
        0.8129175946547884,
        0.7804878048780488,
        0.7876004592422503,
        0.7768595041322314
    ],
    "precision": [
        0.7450592885375494,
        0.7541371158392435,
        0.7613293051359517,
        0.7464788732394366,
        0.7329317269076305,
        0.7288503253796096,
        0.7282377919320594,
        0.7360178970917226
    ],
    "recall": [
        0.9425,
        0.7975,
        0.63,
        0.795,
        0.9125,
        0.84,
        0.8575,
        0.8225
    ]
}