{
    "totals_loss": [
        0.5303242175799349,
        0.34273945748725015,
        0.21751313377171755,
        0.15541818353813142,
        0.11314914735418785,
        0.06945221441729581,
        0.05765093788510928,
        0.04815178424462868,
        0.04292619089060083,
        0.028099176087340784
    ],
    "valids_loss": [
        0.7102596537135113,
        0.8210872103428019,
        0.9737159185025884,
        0.9494393673436395,
        0.9873298533346461,
        1.176929651663221,
        1.4648097486331546,
        1.3632808430441494,
        1.5028167812303566,
        1.6714045905518806
    ],
    "balanced_accuracies": [],
    "metrics": [],
    "accuracy": [
        0.5847701149425287,
        0.5883620689655172,
        0.5948275862068966,
        0.6257183908045977,
        0.6300287356321839,
        0.6163793103448276,
        0.5890804597701149,
        0.6077586206896551,
        0.6070402298850575,
        0.6120689655172413
    ],
    "balanced_accuracy": [
        0.5690413698287714,
        0.5670978627671541,
        0.570803649543807,
        0.6065804274465691,
        0.6153293338332708,
        0.595575553055868,
        0.5637670291213598,
        0.5850893638295214,
        0.5867704036995376,
        0.5883389576302962
    ],
    "f1": [
        0.6595995288574794,
        0.6779089376053963,
        0.6901098901098901,
        0.7027952082144895,
        0.6950858496151568,
        0.6993243243243243,
        0.6887921653971708,
        0.6970033296337403,
        0.6904357668364459,
        0.7029702970297029
    ],
    "precision": [
        0.5982905982905983,
        0.5929203539823009,
        0.5935727788279773,
        0.6215943491422805,
        0.6332254584681769,
        0.6124260355029586,
        0.5882899628252788,
        0.6038461538461538,
        0.6069651741293532,
        0.6051136363636364
    ],
    "recall": [
        0.7349081364829396,
        0.7913385826771654,
        0.8241469816272966,
        0.8083989501312336,
        0.7703412073490814,
        0.8149606299212598,
        0.8307086614173228,
        0.8241469816272966,
        0.800524934383202,
        0.8385826771653543
    ]
}