{
    "totals_loss": [
        0.40079339549586335,
        0.15055107916154528,
        0.06975683068946725,
        0.04473426715365701,
        0.02502304865097407,
        0.018344506734490184,
        0.015670827730049967,
        0.014305314017986749,
        0.012355296874590348,
        0.010082509596931456
    ],
    "valids_loss": [
        0.6781747348251796,
        0.7320448250642845,
        0.890963267712366,
        1.3253945697631155,
        1.192666682636454,
        1.2124426538745563,
        1.420611101601805,
        1.504514716565609,
        1.8602407883320535,
        1.5523080776135127
    ],
    "balanced_accuracies": [],
    "metrics": [],
    "accuracy": [
        0.6656738644825019,
        0.68801191362621,
        0.6760982874162323,
        0.6016381236038719,
        0.6545048399106478,
        0.6664184661206255,
        0.6463142218912882,
        0.6411020104244229,
        0.5964259121370067,
        0.612807148175726
    ],
    "balanced_accuracy": [
        0.6665387618219565,
        0.6879147665773551,
        0.6753675231115922,
        0.6042084390581473,
        0.6557592668168994,
        0.6669923434533421,
        0.6470103536384123,
        0.6426209255283284,
        0.5991203399755133,
        0.6148714889011125
    ],
    "f1": [
        0.6875434933890049,
        0.6828160484481454,
        0.6506024096385542,
        0.6743761412051126,
        0.6873315363881402,
        0.6804564907275321,
        0.6647847565278758,
        0.6820580474934037,
        0.6731001206272618,
        0.6713021491782554
    ],
    "precision": [
        0.6390685640362225,
        0.6864535768645358,
        0.6970740103270223,
        0.5658835546475995,
        0.6219512195121951,
        0.6463414634146342,
        0.6254980079681275,
        0.6068075117370892,
        0.5613682092555332,
        0.5784313725490197
    ],
    "recall": [
        0.7439759036144579,
        0.6792168674698795,
        0.6099397590361446,
        0.8343373493975904,
        0.7680722891566265,
        0.7183734939759037,
        0.7093373493975904,
        0.7786144578313253,
        0.8403614457831325,
        0.7996987951807228
    ]
}