{
    "totals_loss": [
        0.3705620947344008,
        0.1798482374162964,
        0.10582348462119098,
        0.06186770767661279,
        0.04328771509315101,
        0.027684983612836868,
        0.035615169024040175,
        0.02654641412698372,
        0.031216683231490294,
        0.007025251347056016
    ],
    "valids_loss": [
        0.8833557143807411,
        0.89851046406797,
        1.8143970796040125,
        1.371580027398609,
        1.3967429086832064,
        1.5737629209955533,
        1.3031980189539136,
        1.2389166521884145,
        1.1956067660025187,
        1.7823581209494954
    ],
    "balanced_accuracies": [],
    "metrics": [],
    "accuracy": [
        0.6358897989575577,
        0.5971705137751303,
        0.6336559940431868,
        0.6008935219657483,
        0.6440804169769173,
        0.6701414743112435,
        0.6306775874906925,
        0.6463142218912882,
        0.6537602382725242,
        0.6180193596425912,
        0.6396128071481757,
        0.6589724497393894,
        0.5927029039463887,
        0.6485480268056589,
        0.6656738644825019,
        0.6731198808637379,
        0.6723752792256142,
        0.6857781087118392,
        0.6418466120625466,
        0.6016381236038719,
        0.6276991809381981,
        0.5703648548026806,
        0.6299329858525688,
        0.5934475055845123,
        0.6552494415487714,
        0.62397617274758,
        0.6209977661950856,
        0.6321667907669397,
        0.6150409530900968,
        0.5778108711839166,
        0.6120625465376024,
        0.6008935219657483,
        0.6731198808637379,
        0.6455696202531646,
        0.6068503350707372,
        0.5919583023082651,
        0.6314221891288161,
        0.6291883842144452,
        0.6612062546537603,
        0.6180193596425912,
        0.6463142218912882,
        0.6686522710349962,
        0.6023827252419955,
        0.6344005956813105,
        0.5919583023082651,
        0.5748324646314222,
        0.6061057334326135,
        0.620253164556962,
        0.637379002233805,
        0.6589724497393894,
        0.6262099776619509,
        0.6098287416232315,
        0.6187639612807149,
        0.6053611317944899,
        0.6135517498138496,
        0.6224869694713329,
        0.6649292628443783,
        0.6403574087862993,
        0.6180193596425912,
        0.6195085629188384,
        0.6254653760238272,
        0.6336559940431868,
        0.6403574087862993,
        0.5994043186895012,
        0.6545048399106478,
        0.6545048399106478,
        0.652271034996277,
        0.6232315711094565,
        0.6455696202531646,
        0.6515264333581534,
        0.4973938942665674,
        0.5971705137751303,
        0.6209977661950856,
        0.6478034251675354,
        0.6403574087862993,
        0.6306775874906925,
        0.6381236038719286,
        0.6172747580044676,
        0.6336559940431868,
        0.62397617274758
    ],
    "balanced_accuracy": [
        0.6341392817218802,
        0.5990249658427524,
        0.6307324289795412,
        0.6014259541849283,
        0.6443021718686233,
        0.6701086377912238,
        0.6318292315062903,
        0.6458791720638075,
        0.6539582483098816,
        0.6192110119417287,
        0.6408321060382915,
        0.6587635519988644,
        0.5955382649892649,
        0.6500512358713203,
        0.6668714622850755,
        0.672405379988289,
        0.6725173891442057,
        0.6842251184413648,
        0.6415607200525223,
        0.6030273524140746,
        0.6296988395407846,
        0.5729978086129496,
        0.631242569689657,
        0.5966406125237327,
        0.6561296733325053,
        0.6263163848324077,
        0.6227387458523342,
        0.6331689053711163,
        0.6172636052309385,
        0.5807441843959047,
        0.6139687616445162,
        0.6026070408290009,
        0.6730042408219032,
        0.6464070567986231,
        0.608597867168231,
        0.5942529322000816,
        0.6318336675124652,
        0.6307058129424916,
        0.6614384637223416,
        0.6203089234700215,
        0.6470436236847241,
        0.6665398708235002,
        0.6044624004116613,
        0.6355111166314744,
        0.5940366768990543,
        0.5776489610873539,
        0.6080777454442217,
        0.6217528434799581,
        0.6376747786432919,
        0.6594954930177264,
        0.6274608744255372,
        0.6118428056851855,
        0.6204298046382881,
        0.6071084780950015,
        0.6153749756019661,
        0.6239952446013804,
        0.665319969125397,
        0.6417514683180439,
        0.620142573238462,
        0.6211994517096368,
        0.6271071029330872,
        0.6349078197916851,
        0.6417847383643558,
        0.6010843817094593,
        0.6550439608211934,
        0.655210311052753,
        0.6531176251397341,
        0.6248813368348208,
        0.6465068669375588,
        0.6522980729989176,
        0.5029455081001473,
        0.5988918856575048,
        0.6225890306439307,
        0.6485829178274216,
        0.6416350231559522,
        0.6325112674556843,
        0.6393593519882179,
        0.6193562911439573,
        0.6351074400695566,
        0.6257008889756375
    ],
    "f1": [
        0.5645592163846839,
        0.6525369299935774,
        0.4989816700610998,
        0.6165951359084406,
        0.6485294117647059,
        0.6666666666666666,
        0.6630434782608695,
        0.6291959406713505,
        0.6573323507737656,
        0.6526743398781314,
        0.672972972972973,
        0.6498470948012233,
        0.6734328358208955,
        0.6882430647291942,
        0.6960054163845633,
        0.6479550922213312,
        0.674074074074074,
        0.631762652705061,
        0.6297151655119323,
        0.6435709526982012,
        0.6823379923761118,
        0.6505148394912175,
        0.6666666666666666,
        0.6821885913853318,
        0.6782487838776928,
        0.6873065015479877,
        0.6701231367465975,
        0.6602475928473177,
        0.6770768269831355,
        0.6639004149377593,
        0.6666666666666666,
        0.6519480519480519,
        0.6671721000758151,
        0.6680613668061367,
        0.6580310880829016,
        0.6596273291925466,
        0.6420824295010846,
        0.6715039577836411,
        0.665686994856723,
        0.6811684275947794,
        0.6657283603096411,
        0.58758109360519,
        0.6628787878787878,
        0.665303340149966,
        0.6540404040404041,
        0.6586969515839809,
        0.6632718014003819,
        0.6631439894319683,
        0.6442658875091307,
        0.671919770773639,
        0.6617250673854448,
        0.6675126903553299,
        0.666232073011734,
        0.6567357512953368,
        0.6658081133290406,
        0.6653465346534654,
        0.6739130434782609,
        0.6782145236508994,
        0.6771554436752675,
        0.6675341574495771,
        0.6714565643370346,
        0.6684636118598383,
        0.6790697674418604,
        0.6497395833333334,
        0.6680972818311874,
        0.6727785613540197,
        0.6745644599303136,
        0.6697127937336814,
        0.6708160442600276,
        0.6718092566619915,
        0.6630054917623565,
        0.6489292667099286,
        0.6662295081967213,
        0.6685353889278206,
        0.6751849361129791,
        0.6808236808236808,
        0.6720647773279352,
        0.6755050505050505,
        0.6737400530503979,
        0.6722907203114861
    ],