{
    "totals_loss": [
        0.24195977954266185,
        0.07311707603908982,
        0.04271213757172498,
        0.03863116109092627,
        0.02718815965069812,
        0.019890390569102304,
        0.02075739205195978,
        0.026273859126079633,
        0.007954803325300722,
        0.01830757916994978
    ],
    "valids_loss": [
        1.018032274434441,
        1.8089268555766658,
        1.4101267953599361,
        1.6950532203246105,
        1.564189534438284,
        2.1814986975569473,
        1.6450442518058577,
        1.1353175934208066,
        1.6329320386836403,
        1.7421139309280798
    ],
    "balanced_accuracies": [],
    "metrics": [],
    "accuracy": [
        0.6302186878727635,
        0.6249171636845593,
        0.6037110669317429,
        0.6063618290258449,
        0.5937707090788602,
        0.6209410205434063,
        0.5937707090788602,
        0.6394963552021206,
        0.5977468522200132,
        0.6355202120609675
    ],
    "balanced_accuracy": [
        0.6356636197047232,
        0.5976773041379632,
        0.5968489225660464,
        0.601482121660923,
        0.5771614124802318,
        0.6219531874760182,
        0.5598138113800263,
        0.6200758811864145,
        0.5767866684357932,
        0.6241128965742297
    ],
    "f1": [
        0.6486146095717884,
        0.7061266874350987,
        0.6502923976608187,
        0.6485207100591716,
        0.6611387506909895,
        0.6495098039215687,
        0.6918049270990447,
        0.7056277056277056,
        0.6727762803234502,
        0.6882086167800453
    ],
    "precision": [
        0.709366391184573,
        0.6390977443609023,
        0.6556603773584906,
        0.6618357487922706,
        0.6314677930306231,
        0.6883116883116883,
        0.6104702750665484,
        0.6612576064908722,
        0.6283987915407855,
        0.6729490022172949
    ],
    "recall": [
        0.5974477958236659,
        0.7888631090487239,
        0.6450116009280742,
        0.6357308584686775,
        0.6937354988399071,
        0.6148491879350348,
        0.7981438515081206,
        0.7563805104408353,
        0.7238979118329466,
        0.7041763341067285
    ]
}