{
    "totals_loss": [
        0.38360734237357974,
        0.19780445299313767,
        0.11966284336623452,
        0.08164540182675094,
        0.06290427751810057,
        0.051025046854192624,
        0.04250271186886138,
        0.026388773810298437,
        0.023553505464583988,
        0.024446766659544348
    ],
    "valids_loss": [
        0.9739165922691082,
        1.1544358430580162,
        1.0681495337650693,
        1.6085954359893142,
        1.286785966706002,
        1.532236920348529,
        1.333262211289899,
        1.4932033604589001,
        1.5768445877508186,
        1.6157974693281898
    ],
    "balanced_accuracies": [],
    "metrics": [],
    "accuracy": [
        0.5984195402298851,
        0.5725574712643678,
        0.6537356321839081,
        0.6479885057471264,
        0.5890804597701149,
        0.5596264367816092,
        0.5998563218390804,
        0.5739942528735632,
        0.6099137931034483,
        0.6336206896551724,
        0.6443965517241379,
        0.6357758620689655,
        0.5704022988505747,
        0.6120689655172413,
        0.6487068965517241,
        0.6005747126436781,
        0.6293103448275862,
        0.5761494252873564,
        0.5890804597701149,
        0.6350574712643678,
        0.6386494252873564,
        0.6386494252873564,
        0.6709770114942529,
        0.6199712643678161,
        0.6278735632183908,
        0.5890804597701149,
        0.6120689655172413,
        0.646551724137931,
        0.6443965517241379,
        0.6580459770114943,
        0.6185344827586207,
        0.6206896551724138,
        0.6285919540229885,
        0.5998563218390804,
        0.6221264367816092,
        0.6271551724137931,
        0.6199712643678161,
        0.6630747126436781,
        0.6300287356321839,
        0.639367816091954,
        0.6142241379310345,
        0.6012931034482759,
        0.6508620689655172,
        0.646551724137931,
        0.6206896551724138,
        0.6551724137931034,
        0.6336206896551724,
        0.6293103448275862,
        0.646551724137931,
        0.6149425287356322,
        0.6163793103448276,
        0.6408045977011494,
        0.6350574712643678,
        0.6558908045977011,
        0.6372126436781609,
        0.6400862068965517,
        0.6443965517241379,
        0.6257183908045977,
        0.6544540229885057,
        0.5984195402298851,
        0.5783045977011494,
        0.6300287356321839,
        0.6314655172413793,
        0.6415229885057471,
        0.6637931034482759,
        0.6688218390804598,
        0.6343390804597702,
        0.6566091954022989,
        0.6214080459770115,
        0.6099137931034483,
        0.610632183908046,
        0.6192528735632183,
        0.646551724137931,
        0.6566091954022989,
        0.6307471264367817,
        0.6602011494252874,
        0.6458333333333334,
        0.6372126436781609,
        0.6293103448275862,
        0.6271551724137931
    ],
    "balanced_accuracy": [
        0.6050181227346583,
        0.5426259217597801,
        0.6562304711911011,
        0.6513935758030247,
        0.5562054743157105,
        0.5312273465816773,
        0.5748468941382328,
        0.540501187351581,
        0.5906324209473816,
        0.6346956630421198,
        0.632302212223472,
        0.6204411948506436,
        0.5363954505686789,
        0.583252093488314,
        0.6374765654293213,
        0.5763279590051243,
        0.6139857517810273,
        0.5479690038745157,
        0.5577177852768405,
        0.6115360579927509,
        0.6194913135858018,
        0.6186664166979128,
        0.68655168103987,
        0.5985814273215848,
        0.6115735533058368,
        0.559780027496563,
        0.5851768528933883,
        0.6262967129108861,
        0.63546431696038,
        0.6398200224971878,
        0.5982314710661167,
        0.5930508686414198,
        0.6104424446944132,
        0.5703099612548431,
        0.6056367954005749,
        0.6110548681414822,
        0.5967941507311586,
        0.6503249593800775,
        0.6098300212473441,
        0.6186351706036746,
        0.5971816022997125,
        0.5734095738032746,
        0.6317460317460317,
        0.6289088863892014,
        0.5964879390076241,
        0.6410448693913261,
        0.6088488938882639,
        0.6035370578677666,
        0.6346831646044244,
        0.5858767654043244,
        0.5911761029871266,
        0.6228346456692914,
        0.6144231971003624,
        0.6406011748531434,
        0.6124046994125734,
        0.6166791651043619,
        0.6280402449693788,
        0.6024559430071241,
        0.6364016997875266,
        0.5680352455943007,
        0.5492500937382827,
        0.6107924009498813,
        0.612517185351831,
        0.6233533308336459,
        0.6531808523934508,
        0.6550243719535058,
        0.6128046494188226,
        0.6415323084614423,
        0.5992063492063492,
        0.5840332458442694,
        0.5849643794525684,
        0.5962754655668041,
        0.6308336457942757,
        0.6402949631296089,
        0.6077365329333834,
        0.6426134233220847,
        0.6241282339707537,
        0.6157042869641295,
        0.6061492313460818,
        0.6036307961504812
    ],
    "f1": [
        0.5934545454545455,
        0.6873357856016815,
        0.665742024965326,
        0.6568627450980392,
        0.7063655030800822,
        0.6737626397019691,
        0.6964577656675749,
        0.6966751918158568,
        0.6902452937820879,
        0.6506849315068494,
        0.7005444646098004,
        0.7015891701000588,
        0.6952089704383282,
        0.7145877378435518,
        0.7020109689213894,
        0.6951754385964912,
        0.696113074204947,
        0.6858359957401491,
        0.7030114226375909,
        0.7205720572057206,
        0.7133903133903133,
        0.7153367289190719,
        0.6347687400318979,
        0.7036414565826331,
        0.697429906542056,
        0.6983122362869199,
        0.7103004291845494,
        0.7223476297968398,
        0.6919726197884256,
        0.7270642201834863,
        0.6998304126625212,
        0.7185501066098081,
        0.7027027027027027,
        0.7069963177275118,
        0.6931155192532089,
        0.6963136337039204,
        0.7078961899503037,
        0.7183183183183183,
        0.7088750706613907,
        0.7176602924634421,
        0.6879721092388147,
        0.7043153969099627,
        0.7232346241457859,
        0.7162629757785467,
        0.7108433734939759,
        0.7149643705463183,
        0.7222222222222222,
        0.721081081081081,
        0.7018181818181818,
        0.7172995780590717,
        0.7097826086956521,
        0.7123130034522439,
        0.713963963963964,
        0.7184009406231628,
        0.7250952640174197,
        0.7242707760044028,
        0.7113702623906706,
        0.7126309983452841,
        0.7237219988512349,
        0.7077888133821223,
        0.6895822316234796,
        0.7065527065527065,
        0.7070245573957739,
        0.7133831131533601,
        0.7135862913096696,
        0.7257584770969661,
        0.7154835103409726,
        0.71849234393404,
        0.7067334446299388,
        0.7063277447268794,
        0.7063921993499458,
        0.706858407079646,
        0.7116060961313013,
        0.7214452214452215,
        0.7160220994475138,
        0.7273775216138328,
        0.7250418293363079,
        0.7177193963107882,
        0.7152317880794702,
        0.7143643368189323
    ],