{
    "totals_loss": [
        0.6386747745906606,
        0.4679488048833959,
        0.3171643851434483,
        0.21154737516361125,
        0.14810918359195485,
        0.10597938167698243,
        0.06085968669503927,
        0.07744847632506315
    ],
    "valids_loss": [
        0.8429869082238939,
        0.8127026955286661,
        0.9797852569156222,
        0.9501385158962674,
        0.9949456022845374,
        1.1703203320503235,
        1.1613407466146681,
        1.3874691128730774
    ],
    "balanced_accuracies": [],
    "metrics": [],
    "accuracy": [
        0.4261682242990654,
        0.5327102803738317,
        0.4654205607476635,
        0.685981308411215,
        0.6224299065420561,
        0.6130841121495327,
        0.5682242990654206,
        0.6018691588785047
    ],
    "balanced_accuracy": [
        0.3558585905758184,
        0.45273899033297527,
        0.5184117125110914,
        0.4634451034418344,
        0.4641222621771821,
        0.45444356232195393,
        0.45073086442815113,
        0.43570494559379813
    ],
    "f1": [
        0.5706293706293706,
        0.6693121693121693,
        0.5705705705705706,
        0.8090909090909091,
        0.7554479418886199,
        0.7484811664641555,
        0.7064803049555273,
        0.741190765492102
    ],
    "precision": [
        0.7338129496402878,
        0.7931034482758621,
        0.8296943231441049,
        0.8036117381489842,
        0.8020565552699229,
        0.7979274611398963,
        0.7942857142857143,
        0.7901554404145078
    ],
    "recall": [
        0.4668192219679634,
        0.5789473684210527,
        0.43478260869565216,
        0.8146453089244852,
        0.7139588100686499,
        0.7048054919908466,
        0.6361556064073226,
        0.6979405034324943
    ]
}