{
    "totals_loss": [
        0.37616599128460104,
        0.1493988672838263,
        0.06938459692047098,
        0.04153117320485129,
        0.02745927092505356,
        0.018667210820516946,
        0.015795893648828496,
        0.016056550383995193,
        0.010961006399710364,
        0.008464524507337996
    ],
    "valids_loss": [
        0.646146520287141,
        0.8275477485410099,
        0.9692252624308926,
        0.8758579084928009,
        1.0274469278667164,
        1.0971623926327145,
        1.1276561591303211,
        1.2171515185257484,
        1.38889380398838,
        1.2890823377274918
    ],
    "balanced_accuracies": [],
    "metrics": [],
    "accuracy": [
        0.6810344827586207,
        0.6451149425287356,
        0.6594827586206896,
        0.7097701149425287,
        0.7054597701149425,
        0.6846264367816092,
        0.7054597701149425,
        0.6918103448275862,
        0.665948275862069,
        0.6839080459770115
    ],
    "balanced_accuracy": [
        0.6802024746906636,
        0.6237470316210474,
        0.6360454943132109,
        0.6999875015623047,
        0.6894513185851769,
        0.6680852393450818,
        0.692063492063492,
        0.6787714035745531,
        0.644838145231846,
        0.6675665541807274
    ],
    "f1": [
        0.7028112449799196,
        0.7237136465324385,
        0.7395604395604396,
        0.7518427518427518,
        0.7613504074505238,
        0.7452118398142774,
        0.7559523809523809,
        0.7435744172145846,
        0.7397873531057638,
        0.7441860465116279
    ],
    "precision": [
        0.7172131147540983,
        0.6306042884990254,
        0.6361058601134215,
        0.7066974595842956,
        0.6841004184100419,
        0.668054110301769,
        0.6917211328976035,
        0.6827661909989023,
        0.6448780487804878,
        0.6680584551148225
    ],
    "recall": [
        0.6889763779527559,
        0.8490813648293963,
        0.8832020997375328,
        0.8031496062992126,
        0.8582677165354331,
        0.84251968503937,
        0.8333333333333334,
        0.8162729658792651,
        0.8674540682414699,
        0.8398950131233596
    ]
}