{
    "totals_loss": [
        0.234863064449514,
        0.061203494104172,
        0.051093910393926,
        0.03109924431168955,
        0.038710002400272225,
        0.020353624572793515,
        0.02505317429340384,
        0.009204853459671713,
        0.02389204773369374,
        0.01276067828869022
    ],
    "valids_loss": [
        1.760441665138517,
        2.621985207852863,
        2.5785023916335335,
        3.215645739010402,
        3.6832363719031926,
        1.7293211546682177,
        1.860185476144155,
        2.6150341743514653,
        4.578512616384597,
        4.20414571080889
    ],
    "balanced_accuracies": [],
    "metrics": [],
    "accuracy": [
        0.5878499106611078,
        0.5348421679571174,
        0.5008933889219773,
        0.5068493150684932,
        0.5020845741512805,
        0.6063132817153067,
        0.5670041691483025,
        0.49672424061941634,
        0.50565812983919,
        0.5139964264443121
    ],
    "balanced_accuracy": [
        0.6176203971909059,
        0.5843018496080783,
        0.5445008916105255,
        0.5674989357236633,
        0.5525045473625297,
        0.6409064657392329,
        0.6061537499739513,
        0.5499882408628527,
        0.5605759297905087,
        0.5752666644835357
    ],
    "f1": [
        0.5895610913404508,
        0.5780659103187467,
        0.5395604395604395,
        0.5740740740740741,
        0.5529411764705883,
        0.6145772594752187,
        0.5876347135564379,
        0.5536185948230322,
        0.5636172450052577,
        0.5806783144912642
    ],
    "precision": [
        0.48346303501945526,
        0.4484492875104778,
        0.4225473321858864,
        0.43390357698289267,
        0.4265676567656766,
        0.4985808893093661,
        0.4687782805429864,
        0.4242914979757085,
        0.43086816720257237,
        0.4386645962732919
    ],
    "recall": [
        0.7553191489361702,
        0.8130699088145896,
        0.7462006079027356,
        0.8480243161094225,
        0.7857142857142857,
        0.8009118541033434,
        0.7872340425531915,
        0.7963525835866262,
        0.8145896656534954,
        0.8586626139817629
    ]
}