{
    "totals_loss": [
        0.40118804668400165,
        0.19064512541592923,
        0.11301058572917835,
        0.06601133310305697,
        0.04829557190132717,
        0.043797536732996384,
        0.03326520283427686,
        0.031048350639656504,
        0.020178719795726503,
        0.005224349820608805
    ],
    "valids_loss": [
        0.8738746204796959,
        0.9124566656701705,
        1.8403154997264637,
        1.1261389662237729,
        1.2590470397297073,
        1.0827331553487216,
        1.4110338358318104,
        1.288105923813932,
        1.6271081012838027,
        2.2608993390027217
    ],
    "balanced_accuracies": [],
    "metrics": [],
    "accuracy": [
        0.6086956521739131,
        0.6595431098010317,
        0.6153279292557111,
        0.6565954310980103,
        0.6742815033161386,
        0.6691230655858511,
        0.6440677966101694,
        0.6499631540162122,
        0.6978629329403095,
        0.6433308769344142,
        0.6735445836403832,
        0.6595431098010317,
        0.6315401621223287,
        0.6521739130434783,
        0.6573323507737656,
        0.6455416359616801,
        0.6868091378039793,
        0.5880619012527635,
        0.6455416359616801,
        0.6455416359616801,
        0.6403831982313928,
        0.6425939572586588,
        0.660280029476787,
        0.5873249815770081,
        0.6565954310980103,
        0.658069270449521,
        0.6212232866617539,
        0.6204863669859986,
        0.6101694915254238,
        0.6337509211495947,
        0.6484893146647015,
        0.658069270449521,
        0.6558585114222549,
        0.6322770817980841,
        0.6521739130434783,
        0.6204863669859986,
        0.6204863669859986,
        0.5917464996315401,
        0.653647752394989,
        0.6418570375829035,
        0.6425939572586588,
        0.6153279292557111,
        0.6212232866617539,
        0.6352247605011054,
        0.636698599852616,
        0.6079587324981577,
        0.5851142225497421,
        0.6138540899042004,
        0.6322770817980841,
        0.6219602063375093,
        0.6204863669859986,
        0.6256448047162859,
        0.6190125276344879,
        0.6565954310980103,
        0.6448047162859248,
        0.6381724392041267,
        0.6433308769344142,
        0.6337509211495947,
        0.6352247605011054,
        0.627855563743552,
        0.627855563743552,
        0.664701547531319,
        0.6639646278555638,
        0.6617538688282977,
        0.6470154753131908,
        0.6374355195283714,
        0.6330140014738393,
        0.6160648489314665,
        0.6595431098010317,
        0.6462785556374355,
        0.6403831982313928,
        0.6381724392041267,
        0.6484893146647015,
        0.6381724392041267,
        0.6403831982313928,
        0.6396462785556374,
        0.6330140014738393,
        0.6330140014738393,
        0.627855563743552,
        0.6271186440677966
    ],
    "balanced_accuracy": [
        0.6143696671752275,
        0.6573778258809619,
        0.6092318993658203,
        0.6604585305636331,
        0.6749535992628042,
        0.6648573639165265,
        0.6389805312504075,
        0.6436662450393591,
        0.6979746675881613,
        0.6366767944153942,
        0.6721782483776042,
        0.6557271767053086,
        0.624273562229148,
        0.6470403501679989,
        0.6530268059340784,
        0.6413983682588531,
        0.686999317572296,
        0.5791387936242997,
        0.6401856464155159,
        0.643082704152377,
        0.6346708046996231,
        0.6378427895210401,
        0.659513129126623,
        0.595497498489531,
        0.6546981018077813,
        0.6558021568192784,
        0.6156693224840368,
        0.613399272366894,
        0.6022348420636265,
        0.626468632232321,
        0.6437412251533289,
        0.6537472670291793,
        0.651754317333229,
        0.6258698779888812,
        0.6503753352371762,
        0.6131297786239301,
        0.6149825481068065,
        0.5831453397142496,
        0.6486497059475531,
        0.6359432933004725,
        0.6382133434176154,
        0.6077159970616488,
        0.6145239740764407,
        0.628987529394378,
        0.6319780406066217,
        0.6012188071859202,
        0.5755158414507457,
        0.609508999787013,
        0.627823707625369,
        0.616625590604231,
        0.6151846684140293,
        0.6196552218759372,
        0.6128342048413247,
        0.6517336706351793,
        0.6393641251668036,
        0.6324420479785795,
        0.6374179022085447,
        0.6271086798718601,
        0.6304023715449381,
        0.6214797379825351,
        0.6220860989042036,
        0.6611746449854603,
        0.6595783292257271,
        0.6577874998369998,
        0.6411886412734014,
        0.6318563337549606,
        0.6279714945166717,
        0.6106597815362013,
        0.6541439009653961,
        0.6410408543820987,
        0.6346371179817527,
        0.6325431081321911,
        0.6435054181282356,
        0.6331157823359892,
        0.6352097921855508,
        0.6340177170402632,
        0.6276346273379669,
        0.627499880466485,
        0.6216481715718875,
        0.6211972042197504
    ],
    "f1": [
        0.48893166506256014,
        0.6932270916334662,
        0.6996547756041427,
        0.5940766550522648,
        0.6696562032884903,
        0.7247087676272226,
        0.7123287671232876,
        0.728726442033124,
        0.7011661807580175,
        0.7268623024830699,
        0.6963673749143249,
        0.7119700748129676,
        0.7234513274336283,
        0.7193816884661117,
        0.7152480097979179,
        0.7036352433764633,
        0.6891002194586686,
        0.7065616797900263,
        0.7162241887905605,
        0.6841759684832567,
        0.7156177156177156,
        0.707655213984328,
        0.6760365425158117,
        0.3707865168539326,
        0.687248322147651,
        0.6931216931216931,
        0.6987104337631888,
        0.7134112409571508,
        0.713589604764483,
        0.7252625760088447,
        0.7124773960216998,
        0.7160342717258262,
        0.7119062307217767,
        0.7159931701764372,
        0.6819407008086253,
        0.7159404302261445,
        0.6975924838520259,
        0.7062566277836692,
        0.7192353643966547,
        0.71875,
        0.7037263286499694,
        0.7144420131291028,
        0.7102593010146562,
        0.7166571265025758,
        0.7024743512371756,
        0.7004504504504504,
        0.7105398457583547,
        0.6793145654834761,
        0.6959171237050579,
        0.6969875959834613,
        0.6954464813719693,
        0.7066974595842956,
        0.7033849684452094,
        0.7202881152460985,
        0.7164705882352941,
        0.7140361094933023,
        0.7199074074074074,
        0.7193675889328063,
        0.7023451593505713,
        0.7122507122507122,
        0.7062245491564864,
        0.7132955261499685,
        0.7216117216117216,
        0.7154370737755734,
        0.7219965177016832,
        0.711943793911007,
        0.7028639618138425,
        0.6929876252209782,
        0.7279151943462897,
        0.7156398104265402,
        0.7159487776484285,
        0.7130333138515488,
        0.7148834429169157,
        0.7072152653548003,
        0.7102137767220903,
        0.7142022209234365,
        0.7063679245283019,
        0.7077464788732394,
        0.7106017191977078,
        0.7071759259259259
    ],