{
    "totals_loss": [
        0.38791130968160575,
        0.1465673759538381,
        0.061763177237568884,
        0.03737008348984484,
        0.022966631277982878,
        0.017898559815961727,
        0.013096162710534577,
        0.010346124820598889,
        0.0087060108793357,
        0.010206625297494037
    ],
    "valids_loss": [
        0.8624416279165368,
        0.975408483178992,
        1.1295492231845856,
        1.3107153811737111,
        1.31619538853043,
        1.5885086040747793,
        1.5587266162822122,
        1.4971961118673023,
        1.632159108080362,
        1.7991431935837394
    ],
    "balanced_accuracies": [],
    "metrics": [],
    "accuracy": [
        0.6056991385023194,
        0.5931080185553347,
        0.6136514247846255,
        0.5950960901259112,
        0.5924453280318092,
        0.6123260437375746,
        0.5944333996023857,
        0.6209410205434063,
        0.5924453280318092,
        0.5772034459907224
    ],
    "balanced_accuracy": [
        0.6259597212908409,
        0.5879536823533209,
        0.6086336365951007,
        0.5960546086345331,
        0.5796635910161839,
        0.5966794808808815,
        0.5827529880906701,
        0.6173271605159634,
        0.580627346632862,
        0.5692137905808353
    ],
    "f1": [
        0.5836249125262422,
        0.6366863905325444,
        0.6556408741878322,
        0.6244622003687769,
        0.6523459581684568,
        0.6755407653910149,
        0.6518771331058021,
        0.6595238095238095,
        0.6503695281409893,
        0.6282051282051282
    ],
    "precision": [
        0.7354497354497355,
        0.6497584541062802,
        0.6678700361010831,
        0.6640522875816993,
        0.6361631753031973,
        0.6471838469713072,
        0.6395089285714286,
        0.6772616136919315,
        0.6376811594202898,
        0.6311475409836066
    ],
    "recall": [
        0.4837587006960557,
        0.6241299303944315,
        0.6438515081206496,
        0.5893271461716937,
        0.6693735498839907,
        0.7064965197215777,
        0.6647331786542924,
        0.642691415313225,
        0.6635730858468677,
        0.6252900232018561
    ]
}