{
    "totals_loss": [
        0.6003367882221937,
        0.4959143688902259,
        0.44758609123528004,
        0.4013441391289234,
        0.36531736981123686,
        0.3055971530266106
    ],
    "valids_loss": [
        0.7470507547259331,
        0.8027140870690346,
        0.8292134180665016,
        0.8773036673665047,
        0.904670774936676,
        0.9507169127464294
    ],
    "balanced_accuracies": [],
    "metrics": [],
    "accuracy": [
        0.673828125,
        0.64453125,
        0.6015625,
        0.6171875,
        0.58984375,
        0.578125
    ],
    "balanced_accuracy": [
        0.5126575666829166,
        0.5097848039557072,
        0.5093321261926318,
        0.5020892819834251,
        0.4818580681105926,
        0.4778884323420851
    ],
    "f1": [
        0.8009535160905841,
        0.7725,
        0.7235772357723578,
        0.7454545454545455,
        0.7222222222222222,
        0.7096774193548387
    ],
    "precision": [
        0.6815415821501014,
        0.6806167400881057,
        0.6811224489795918,
        0.6768867924528302,
        0.6658536585365854,
        0.6633165829145728
    ],
    "recall": [
        0.9710982658959537,
        0.8930635838150289,
        0.7716763005780347,
        0.8294797687861272,
        0.7890173410404624,
        0.7630057803468208
    ]
}