{
    "totals_loss": [
        0.25473965850398345,
        0.07339150565789052,
        0.04663255421223522,
        0.0374958409423319,
        0.03494211863232121,
        0.03499399144425053,
        0.015927832022948337,
        0.02030771457040867,
        0.019357186053013564,
        0.014553193010410772
    ],
    "valids_loss": [
        1.7454231305136567,
        1.3897675641235852,
        1.642876550023045,
        1.808584542678935,
        1.8058551883413678,
        1.5283904967918283,
        2.0250827650583925,
        1.5162377290072895,
        2.3254130848106884,
        1.5232975420852501
    ],
    "balanced_accuracies": [],
    "metrics": [],
    "accuracy": [
        0.5882352941176471,
        0.6530156366344005,
        0.6291883842144452,
        0.6574832464631423,
        0.6284437825763217,
        0.6031273268801192,
        0.6448250186150409,
        0.6760982874162323,
        0.6269545793000745,
        0.5912137006701415
    ],
    "balanced_accuracy": [
        0.5913196231169153,
        0.653504666678496,
        0.6297908866689141,
        0.6588544901254503,
        0.6295036552690881,
        0.6058808133860922,
        0.6459202051209256,
        0.6777130613765814,
        0.6297942136735455,
        0.5914371772805508
    ],
    "f1": [
        0.6756598240469208,
        0.6652298850574713,
        0.6458036984352774,
        0.6929238985313751,
        0.6584531143052703,
        0.6798798798798799,
        0.6744027303754266,
        0.7151277013752456,
        0.7008955223880597,
        0.5966201322556943
    ],
    "precision": [
        0.553314121037464,
        0.635989010989011,
        0.6118598382749326,
        0.6223021582733813,
        0.6035131744040151,
        0.5654345654345654,
        0.616729088639201,
        0.6326767091541136,
        0.5806132542037586,
        0.5824964131994261
    ],
    "recall": [
        0.8674698795180723,
        0.697289156626506,
        0.6837349397590361,
        0.7816265060240963,
        0.7243975903614458,
        0.8524096385542169,
        0.7439759036144579,
        0.822289156626506,
        0.8840361445783133,
        0.6114457831325302
    ]
}