{
    "totals_loss": [
        0.38911383194523835,
        0.19996420798663286,
        0.11412278414830318,
        0.07700574821973132,
        0.048974517750917546,
        0.04514511301516945,
        0.0319379267598492,
        0.03201722105672579,
        0.008045354669908933,
        0.016492650685088386
    ],
    "valids_loss": [
        1.0162154473756488,
        1.2050169643602873,
        1.2149992760859039,
        1.2820619617637834,
        1.6397748671079937,
        1.6853891073088898,
        1.8037909197179895,
        1.1162908667012266,
        2.2012267777794285,
        1.9446896283250106
    ],
    "balanced_accuracies": [],
    "metrics": [],
    "accuracy": [
        0.5891318754141815,
        0.6050364479787939,
        0.5964214711729622,
        0.588469184890656,
        0.5957587806494367,
        0.5520212060967529,
        0.5778661365142479,
        0.6169648774022531,
        0.6189529489728297,
        0.6110006626905236,
        0.6315440689198144,
        0.5659377070907886,
        0.6269052352551359,
        0.6169648774022531,
        0.6361829025844931,
        0.6368455931080186,
        0.6308813783962889,
        0.5931080185553347,
        0.614314115308151,
        0.6129887342611001,
        0.6216037110669318,
        0.6275679257786614,
        0.6030483764082174,
        0.6182902584493042,
        0.6408217362491716,
        0.6408217362491716,
        0.633532140490391,
        0.6182902584493042,
        0.6169648774022531,
        0.588469184890656,
        0.6315440689198144,
        0.6322067594433399,
        0.634857521537442,
        0.6169648774022531,
        0.6010603048376408,
        0.6163021868787276,
        0.6050364479787939,
        0.5990722332670643,
        0.5904572564612326,
        0.5825049701789264,
        0.6242544731610338,
        0.5964214711729622,
        0.610337972166998,
        0.6189529489728297,
        0.6023856858846919,
        0.6209410205434063,
        0.5977468522200132,
        0.6288933068257124,
        0.6156394963552021,
        0.6123260437375746,
        0.6262425447316103,
        0.6123260437375746,
        0.6010603048376408,
        0.6169648774022531,
        0.5838303512259775,
        0.5785288270377733,
        0.6003976143141153,
        0.5957587806494367,
        0.6070245195493704,
        0.5997349237905898,
        0.5957587806494367,
        0.5950960901259112,
        0.6023856858846919,
        0.5944333996023857,
        0.6096752816434725,
        0.6070245195493704,
        0.5944333996023857,
        0.5937707090788602,
        0.6037110669317429,
        0.5970841616964877,
        0.5924453280318092,
        0.5917826375082836,
        0.6182902584493042,
        0.5931080185553347,
        0.5917826375082836,
        0.5897945659377071,
        0.6242544731610338,
        0.6129887342611001,
        0.6110006626905236,
        0.6110006626905236
    ],
    "balanced_accuracy": [
        0.5937254578511567,
        0.6134291052403202,
        0.6109000311987864,
        0.5671240097971362,
        0.5617467017144988,
        0.5891917721269324,
        0.547049204430945,
        0.6078715972702855,
        0.6275375909516347,
        0.6404303998106556,
        0.6219818760153053,
        0.5130927321171783,
        0.6134882753526001,
        0.5995832989668539,
        0.6329812412813736,
        0.6472466174419147,
        0.6304611324083671,
        0.5663655565397319,
        0.6165382256855665,
        0.5885857267344912,
        0.6227259850030661,
        0.6225493711830795,
        0.6357828564461354,
        0.5966956181842307,
        0.6407038374507363,
        0.6374270683540308,
        0.6410696163266477,
        0.5974666226775731,
        0.614617886587032,
        0.5607632227270608,
        0.6294991698253943,
        0.6352834965591683,
        0.6266168681438874,
        0.636784265770628,
        0.5883607010044575,
        0.6146160935533266,
        0.5956960018934436,
        0.5868133129166562,
        0.5813929720250881,
        0.5659513657537735,
        0.6200346414111892,
        0.585071380671814,
        0.6130579472632927,
        0.6173217814148471,
        0.588557038195204,
        0.6088461110891963,
        0.5870024779725809,
        0.6447193364340862,
        0.6078680112028746,
        0.5986069921142378,
        0.6217747806223262,
        0.5970649831275529,
        0.5868186920177725,
        0.6180874068070732,
        0.5657622006978487,
        0.5495567620680133,
        0.5854676411207178,
        0.5765885382113413,
        0.5943521231312107,
        0.5802615677569507,
        0.5792870539380399,
        0.5802490165210126,
        0.6024351190753684,
        0.5779342100072797,
        0.5945520463893681,
        0.5854855714577722,
        0.5746574409105742,
        0.5746556478768687,
        0.5843200995492314,
        0.5758211197854097,
        0.5657855101360195,
        0.5686749839523483,
        0.6125012102977512,
        0.5729190947331428,
        0.5702169929390333,
        0.5671275958645471,
        0.6184926324245044,
        0.5962957716679158,
        0.5926281212234228,
        0.5957121391967927
    ],
    "f1": [
        0.6095717884130982,
        0.615979381443299,
        0.5904505716207128,
        0.6655896607431341,
        0.6934673366834171,
        0.4557165861513688,
        0.6738351254480287,
        0.6670506912442397,
        0.6297488731487444,
        0.5602996254681648,
        0.6811926605504587,
        0.6994033960532354,
        0.6842400448681997,
        0.6827661909989023,
        0.6730196545562835,
        0.6436931079323797,
        0.6622195269860521,
        0.6792058516196448,
        0.6402966625463535,
        0.6916578669482577,
        0.6499080318822809,
        0.6686320754716981,
        0.5388760585065435,
        0.6913183279742765,
        0.6711165048543689,
        0.6777645659928656,
        0.6470963624760689,
        0.689989235737352,
        0.6530612244897959,
        0.6770670826833073,
        0.6662665066026411,
        0.6559206447613143,
        0.681686886192952,
        0.5974930362116991,
        0.6598870056497175,
        0.650994575045208,
        0.6566820276497696,
        0.6572237960339944,
        0.6427745664739885,
        0.6511627906976745,
        0.6639004149377593,
        0.652991452991453,
        0.6352357320099256,
        0.6534056660638939,
        0.6632996632996633,
        0.6764705882352942,
        0.6529445397369925,
        0.6216216216216216,
        0.6631823461091754,
        0.6719012899607403,
        0.6662721893491125,
        0.6748193440800445,
        0.6629339305711086,
        0.645398773006135,
        0.6553238199780461,
        0.671147880041365,
        0.6636921360847742,
        0.6677559912854031,
        0.6651609260304913,
        0.6717391304347826,
        0.6626106194690266,
        0.6588498045784478,
        0.6336996336996337,
        0.661504424778761,
        0.6722314969393434,
        0.6816961889425658,
        0.6677524429967426,
        0.6659400544959128,
        0.675,
        0.6727664155005382,
        0.6785154208050183,
        0.6716417910447762,
        0.6615746180963572,
        0.66738894907909,
        0.6688172043010753,
        0.6691608765366115,
        0.6670581327069877,
        0.6780595369349504,
        0.679410158383397,
        0.6737076153418566
    ],