{
    "totals_loss": [
        0.5393808907879296,
        0.34284721795589695,
        0.22202614931169376,
        0.15006199966545306,
        0.1093751385442472,
        0.07769258609992923,
        0.057011576395692126,
        0.041599296068745135,
        0.0426058756661356,
        0.030049162679549022
    ],
    "valids_loss": [
        0.6866003218151274,
        0.7616675332898185,
        0.9340254423164186,
        0.9826498031616211,
        1.070062721769015,
        1.1008119732141495,
        1.2783528839548428,
        1.3627879115797223,
        1.4487653931691533,
        1.6039091689246041
    ],
    "balanced_accuracies": [],
    "metrics": [],
    "accuracy": [
        0.6105733432613552,
        0.6083395383469844,
        0.5845122859270291,
        0.6053611317944899,
        0.6224869694713329,
        0.62397617274758,
        0.6299329858525688,
        0.6567386448250186,
        0.6172747580044676,
        0.6209977661950856
    ],
    "balanced_accuracy": [
        0.6101171992831413,
        0.6080744184395905,
        0.585641535213017,
        0.6056612310804337,
        0.6225313625636567,
        0.6242869120073815,
        0.6302444683002999,
        0.656903756410029,
        0.6185744450556275,
        0.6221897900881878
    ],
    "f1": [
        0.5910867865519938,
        0.5960061443932412,
        0.6204081632653061,
        0.6131386861313869,
        0.6213592233009708,
        0.6316557257476295,
        0.637490882567469,
        0.6592756836659276,
        0.6550335570469799,
        0.6553825321597834
    ],
    "precision": [
        0.6146341463414634,
        0.6081504702194357,
        0.56575682382134,
        0.5949008498583569,
        0.6162962962962963,
        0.6124469589816125,
        0.6181046676096181,
        0.6473149492017417,
        0.5907990314769975,
        0.5953259532595326
    ],
    "recall": [
        0.5692771084337349,
        0.5843373493975904,
        0.6867469879518072,
        0.6325301204819277,
        0.6265060240963856,
        0.6521084337349398,
        0.6581325301204819,
        0.6716867469879518,
        0.7349397590361446,
        0.7289156626506024
    ]
}