{
    "totals_loss": [
        0.37705506203945544,
        0.1858344786214056,
        0.10769501951621963,
        0.07159390392085734,
        0.05440213850133374,
        0.03688363019362317,
        0.02560203443763929,
        0.015854886897844665,
        0.02422263775414755,
        0.02352662429925179
    ],
    "valids_loss": [
        0.9320024757158188,
        1.0498771718570163,
        2.0322198958623976,
        2.2180649831181483,
        2.0856013093675885,
        2.3591199693225677,
        2.507067398797898,
        3.644153050013951,
        2.8206872236161007,
        2.6442066255069916
    ],
    "balanced_accuracies": [],
    "metrics": [],
    "accuracy": [
        0.5491363907087552,
        0.5783204288266826,
        0.5884455032757594,
        0.5675997617629541,
        0.5461584276354973,
        0.4919594997022037,
        0.6212030970815962,
        0.5521143537820131,
        0.5735556879094699,
        0.5991661703394878,
        0.5753424657534246,
        0.5711733174508636,
        0.5086360929124479,
        0.6092912447885647,
        0.5205479452054794,
        0.5640262060750447,
        0.5699821322215605,
        0.5163787969029184,
        0.5306730196545563,
        0.5104228707564026,
        0.5634306134603931,
        0.5116140559857058,
        0.4949374627754616,
        0.4949374627754616,
        0.5485407980941036,
        0.4889815366289458,
        0.5306730196545563,
        0.521143537820131,
        0.5223347230494342,
        0.5104228707564026,
        0.5032757593805837,
        0.5122096486003573,
        0.5711733174508636,
        0.5151876116736153,
        0.5145920190589637,
        0.5080405002977963,
        0.5044669446098868,
        0.5241215008933889,
        0.5294818344252531,
        0.5300774270399047,
        0.5473496128648004,
        0.55092316855271,
        0.5241215008933889,
        0.535437760571769,
        0.49434187016081,
        0.5151876116736153,
        0.5068493150684932,
        0.5068493150684932,
        0.5378201310303752,
        0.5151876116736153,
        0.5026801667659321,
        0.5020845741512805,
        0.5092316855270994,
        0.5074449076831448,
        0.5223347230494342,
        0.5539011316259679,
        0.5205479452054794,
        0.4812388326384753,
        0.5026801667659321,
        0.5062537224538416,
        0.5068493150684932,
        0.4949374627754616,
        0.4991066110780226,
        0.4973198332340679,
        0.5014889815366289,
        0.5044669446098868,
        0.5038713519952353,
        0.467540202501489,
        0.49672424061941634,
        0.4925550923168553,
        0.5110184633710542,
        0.5110184633710542,
        0.5026801667659321,
        0.5050625372245384,
        0.5175699821322216,
        0.5128052412150089,
        0.5253126861226921,
        0.4949374627754616,
        0.509827278141751,
        0.5080405002977963
    ],
    "balanced_accuracy": [
        0.6055107186767845,
        0.6143777034851701,
        0.6383722972590791,
        0.5998894045708808,
        0.5868523915703361,
        0.5711956214331857,
        0.6039797981000807,
        0.5744591541161446,
        0.6193753367727569,
        0.6115257406023655,
        0.5986911633805585,
        0.5933720144443881,
        0.5751818200762706,
        0.6247138361877771,
        0.5714680166354578,
        0.5874954228675028,
        0.6086023297976535,
        0.5758747160689354,
        0.5743899389417967,
        0.5690864192385439,
        0.6013243170025215,
        0.5587190280701023,
        0.5493295803327687,
        0.5490594178780562,
        0.5917830424311347,
        0.5636139549699473,
        0.5822246501284574,
        0.5716875701454858,
        0.5807718757163398,
        0.5650339824178572,
        0.5596977157503966,
        0.5659628054026538,
        0.603097862814036,
        0.5719234971376176,
        0.571974106082302,
        0.5630751185588954,
        0.5595964978610278,
        0.5719748503314885,
        0.5753016441953029,
        0.5757913601600434,
        0.5870213361356796,
        0.5910402817429721,
        0.5749466373333254,
        0.5815496161162697,
        0.5609971748300879,
        0.5635484610415321,
        0.5583134122634404,
        0.5583134122634404,
        0.5799963680639697,
        0.5738146343206046,
        0.5616394618780681,
        0.5622303957321775,
        0.5643247129430887,
        0.5652870271412793,
        0.5826630128993269,
        0.6021340601174723,
        0.5679559047241962,
        0.5658928459791194,
        0.5527241008725577,
        0.5572833713892751,
        0.5564222750804533,
        0.5493295803327687,
        0.5557293790877886,
        0.5561513683765544,
        0.5625511671315743,
        0.5595964978610278,
        0.5601874317151371,
        0.5605729527937626,
        0.5535003527741145,
        0.5527739655680557,
        0.5641728861090355,
        0.5641728861090355,
        0.5583975124215189,
        0.5625176759181802,
        0.5706404115400302,
        0.5672630087315315,
        0.5729542822609694,
        0.5520312048798931,
        0.5618426419059924,
        0.5617243062853332
    ],
    "f1": [
        0.6009488666315235,
        0.5921658986175116,
        0.623433242506812,
        0.5759345794392523,
        0.5723905723905723,
        0.5912793483469094,
        0.5203619909502263,
        0.5425790754257908,
        0.6044198895027625,
        0.5666452028332261,
        0.5660377358490566,
        0.5599022004889975,
        0.5848012078510317,
        0.5826972010178118,
        0.5688269951794322,
        0.5558252427184466,
        0.5893060295790671,
        0.5797101449275363,
        0.5646408839779006,
        0.5736514522821576,
        0.5823361823361823,
        0.5548317046688382,
        0.5541535226077813,
        0.5536842105263158,
        0.5788888888888889,
        0.5822784810126582,
        0.5781584582441114,
        0.5686695278969958,
        0.5827263267429761,
        0.5669125395152792,
        0.5642633228840125,
        0.5668958223162348,
        0.5784543325526932,
        0.5742677824267782,
        0.5748565466875326,
        0.5657202944269191,
        0.5630252100840336,
        0.566467715680955,
        0.5673603504928806,
        0.5676712328767123,
        0.5715896279594137,
        0.5754504504504504,
        0.5715817694369973,
        0.5728368017524644,
        0.5740090316106372,
        0.56,
        0.55863539445629,
        0.55863539445629,
        0.5679287305122495,
        0.5773624091381101,
        0.5680289705121573,
        0.5695159629248198,
        0.5667718191377498,
        0.5699427977119085,
        0.5857438016528925,
        0.591825613079019,
        0.5627376425855514,
        0.5912717034256217,
        0.5527584359935725,
        0.5573945541911373,
        0.5553168635875403,
        0.5541535226077813,
        0.5612936880542514,
        0.5635987590486039,
        0.5705489994869164,
        0.5630252100840336,
        0.5645582854155776,
        0.5932666060054596,
        0.559666492965086,
        0.5621788283658787,
        0.5649178590355061,
        0.5649178590355061,
        0.5625982189628077,
        0.5674128058302967,
        0.5700636942675159,
        0.5685654008438819,
        0.5670831070070613,
        0.558792924037461,
        0.5620010643959553,
        0.5634249471458774
    ],