{
    "totals_loss": [
        0.24522976818211054,
        0.07446942051066562,
        0.04906025875101003,
        0.03809647690626582,
        0.036396030920316305,
        0.024367787851291643,
        0.017604055221928993,
        0.020034625005693037,
        0.01638757266966976,
        0.013434979539730964
    ],
    "valids_loss": [
        1.0663878474084811,
        1.9298924271060132,
        2.2066844372913756,
        1.899525225162506,
        1.4682154107367855,
        1.3652024878852669,
        1.5591409727074634,
        1.5359658259769966,
        1.6873738440288895,
        2.08709903729373
    ],
    "balanced_accuracies": [],
    "metrics": [],
    "accuracy": [
        0.665948275862069,
        0.5883620689655172,
        0.5775862068965517,
        0.6077586206896551,
        0.639367816091954,
        0.625,
        0.6379310344827587,
        0.6451149425287356,
        0.6070402298850575,
        0.6364942528735632
    ],
    "balanced_accuracy": [
        0.6552868391451068,
        0.5691601049868766,
        0.5543682039745033,
        0.5893513310836146,
        0.623034620672416,
        0.6019372578427696,
        0.6265341832270965,
        0.6362579677540308,
        0.5869078865141857,
        0.6219222597175353
    ],
    "f1": [
        0.7155963302752294,
        0.6723842195540308,
        0.6744186046511628,
        0.6862068965517242,
        0.7071178529754959,
        0.7116022099447514,
        0.6930572472594397,
        0.6924034869240349,
        0.690084985835694,
        0.7002369668246445
    ],
    "precision": [
        0.6701030927835051,
        0.5957446808510638,
        0.5833333333333334,
        0.6104294478527608,
        0.6365546218487395,
        0.6145038167938931,
        0.6465909090909091,
        0.6587677725118484,
        0.6071784646061814,
        0.6382289416846653
    ],
    "recall": [
        0.7677165354330708,
        0.7716535433070866,
        0.7992125984251969,
        0.7834645669291339,
        0.7952755905511811,
        0.8451443569553806,
        0.7467191601049868,
        0.7296587926509186,
        0.7992125984251969,
        0.7755905511811023
    ]
}