{
    "totals_loss": [
        0.5417939040735577,
        0.3621144616323659,
        0.21694091313712277,
        0.14605942579713302,
        0.10917639343911766,
        0.07007272267432889,
        0.04797196943787831,
        0.04525017338417513,
        0.0327919582011141,
        0.028801096917943966
    ],
    "valids_loss": [
        0.7146262813182104,
        0.7891243710404351,
        0.9430722202573504,
        1.1985085430599394,
        1.3630765443756467,
        1.2847247606232053,
        1.8265956532387506,
        2.059878658396857,
        1.845817137899853,
        2.3454310661270505
    ],
    "balanced_accuracies": [],
    "metrics": [],
    "accuracy": [
        0.5896366885050626,
        0.5795116140559857,
        0.570577724836212,
        0.5473496128648004,
        0.5449672424061942,
        0.5836807623585467,
        0.5312686122692079,
        0.5253126861226921,
        0.5461584276354973,
        0.5312686122692079
    ],
    "balanced_accuracy": [
        0.6153072707191531,
        0.611034536139252,
        0.5993661973927462,
        0.585400361407405,
        0.583981822457868,
        0.6133818980735855,
        0.5810933913649232,
        0.5753857443533814,
        0.5873927164797609,
        0.5789320917272238
    ],
    "f1": [
        0.5836858006042296,
        0.5851938895417156,
        0.572106824925816,
        0.5686719636776391,
        0.5683615819209039,
        0.5856550088915234,
        0.5757412398921833,
        0.5712748789671867,
        0.5733482642777156,
        0.5720500271886895
    ],
    "precision": [
        0.4844533600802407,
        0.47701149425287354,
        0.46932814021421615,
        0.453804347826087,
        0.4523381294964029,
        0.4800777453838678,
        0.44611528822055135,
        0.4421315570358035,
        0.45390070921985815,
        0.445385266723116
    ],
    "recall": [
        0.7340425531914894,
        0.756838905775076,
        0.7325227963525835,
        0.7613981762917933,
        0.7644376899696048,
        0.7507598784194529,
        0.8115501519756839,
        0.8069908814589666,
        0.7781155015197568,
        0.7993920972644377
    ]
}